# symbol	name	market
UBSG	UBS Group	SIX
CSGN	Credit Suisse Group	SIX
BAER	Julius Bär Gruppe	SIX
SREN	Swiss Re	SIX
NESN	Nestlé	SIX
ROG	Roche Holding	SIX
NOVN	Novartis	SIX
ZURN	Zurich Insurance Group	SIX
ABBN	ABB	SIX
GIVN	Givaudan	SIX
LONN	Lonza Group	SIX
SIKA	Sika	SIX
HOLN	Holcim	SIX
SCMN	Swisscom	SIX
ALC	Alcon	SIX
CFR	Compagnie Financière Richemont	SIX
UHR	Swatch Group	SIX
SOON	Sonova Holding	SIX
ADEN	Adecco Group	SIX
GEBN	Geberit	SIX
SGSN	SGS	SIX
PGHN	Partners Group Holding	SIX
KNIN	Kuehne + Nagel International	SIX
SLHN	Swiss Life Holding	SIX
BALN	Bâloise Holding	SIX
HELN	Helvetia Holding	SIX
EMSN	EMS-CHEMIE Holding	SIX
STMN	Straumann Holding	SIX
LOGN	Logitech International	SIX
BARN	Barry Callebaut	SIX
LISN	Lindt & Sprüngli	SIX
SIGN	SIG Group	SIX
VACN	VAT Group	SIX
SFSN	SFS Group	SIX
AVOL	Avolta	SIX
BANB	Bachem Holding	SIX
TEMN	Temenos	SIX
CLN	Clariant	SIX
DOKA	Dormakaba Holding	SIX
SUN	Sulzer	SIX
IMPN	Implenia	SIX
SPSN	Swiss Prime Site	SIX
PSPN	PSP Swiss Property	SIX
BCVN	BC Vaudoise	SIX
CMBN	Cembra Money Bank	SIX
GALE	Galenica	SIX
VZN	VZ Holding	SIX
A	Agilent Technologies	S&P 500
AAPL	Apple Inc.	S&P 500
ABBV	AbbVie	S&P 500
ABNB	Airbnb	S&P 500
ABT	Abbott Laboratories	S&P 500
ACGL	Arch Capital Group	S&P 500
ACN	Accenture	S&P 500
ADBE	Adobe Inc.	S&P 500
ADI	Analog Devices	S&P 500
ADM	Archer Daniels Midland	S&P 500
ADP	Automatic Data Processing	S&P 500
ADSK	Autodesk	S&P 500
AEE	Ameren	S&P 500
AEP	American Electric Power	S&P 500
AES	AES Corporation	S&P 500
AFL	Aflac	S&P 500
AIG	American International Group	S&P 500
AIZ	Assurant	S&P 500
AJG	Arthur J. Gallagher & Co.	S&P 500
AKAM	Akamai Technologies	S&P 500
ALB	Albemarle Corporation	S&P 500
ALGN	Align Technology	S&P 500
ALL	Allstate	S&P 500
ALLE	Allegion	S&P 500
AMAT	Applied Materials	S&P 500
AMCR	Amcor	S&P 500
AMD	Advanced Micro Devices	S&P 500
AME	Ametek	S&P 500
AMGN	Amgen	S&P 500
AMP	Ameriprise Financial	S&P 500
AMT	American Tower	S&P 500
AMZN	Amazon	S&P 500
ANET	Arista Networks	S&P 500
AON	Aon plc	S&P 500
AOS	A. O. Smith	S&P 500
APA	APA Corporation	S&P 500
APD	Air Products	S&P 500
APH	Amphenol	S&P 500
APO	Apollo Global Management	S&P 500
APP	AppLovin	S&P 500
APTV	Aptiv	S&P 500
ARE	Alexandria Real Estate Equities	S&P 500
ARES	Ares Management	S&P 500
ATO	Atmos Energy	S&P 500
AVGO	Broadcom	S&P 500
AVY	Avery Dennison	S&P 500
AWK	American Water Works	S&P 500
AXON	Axon Enterprise	S&P 500
AXP	American Express	S&P 500
AZO	AutoZone	S&P 500
BA	Boeing	S&P 500
BAC	Bank of America	S&P 500
BALL	Ball Corporation	S&P 500
BAX	Baxter International	S&P 500
BBY	Best Buy	S&P 500
BDX	Becton Dickinson	S&P 500
BE	Bloom Energy	S&P 500
BEN	Franklin Resources	S&P 500
BF.B	Brown–Forman	S&P 500
BG	Bunge Global	S&P 500
BIIB	Biogen	S&P 500
BKNG	Booking Holdings	S&P 500
BKR	Baker Hughes	S&P 500
BLK	BlackRock	S&P 500
BMY	Bristol Myers Squibb	S&P 500
BNY	BNY Mellon	S&P 500
BR	Broadridge Financial Solutions	S&P 500
BRK.B	Berkshire Hathaway	S&P 500
BRO	Brown & Brown	S&P 500
BSX	Boston Scientific	S&P 500
BX	Blackstone Inc.	S&P 500
BXP	BXP, Inc.	S&P 500
C	Citigroup	S&P 500
CAH	Cardinal Health	S&P 500
CARR	Carrier Global	S&P 500
CASY	Casey's	S&P 500
CAT	Caterpillar Inc.	S&P 500
CB	Chubb Limited	S&P 500
CBOE	Cboe Global Markets	S&P 500
CBRE	CBRE Group	S&P 500
CCI	Crown Castle	S&P 500
CCL	Carnival Corporation	S&P 500
CDNS	Cadence Design Systems	S&P 500
CDW	CDW Corporation	S&P 500
CEG	Constellation Energy	S&P 500
CF	CF Industries	S&P 500
CFG	Citizens Financial Group	S&P 500
CHD	Church & Dwight	S&P 500
CHRW	C.H. Robinson	S&P 500
CHTR	Charter Communications	S&P 500
CI	Cigna	S&P 500
CIEN	Ciena	S&P 500
CINF	Cincinnati Financial	S&P 500
CL	Colgate-Palmolive	S&P 500
CLX	Clorox	S&P 500
CMCSA	Comcast	S&P 500
CME	CME Group	S&P 500
CMG	Chipotle Mexican Grill	S&P 500
CMI	Cummins	S&P 500
CMS	CMS Energy	S&P 500
CNC	Centene Corporation	S&P 500
CNP	CenterPoint Energy	S&P 500
COF	Capital One	S&P 500
COHR	Coherent Corp.	S&P 500
COIN	Coinbase	S&P 500
COO	Cooper Companies (The)	S&P 500
COP	ConocoPhillips	S&P 500
COR	Cencora	S&P 500
COST	Costco	S&P 500
CPAY	Corpay	S&P 500
CPRT	Copart	S&P 500
CPT	Camden Property Trust	S&P 500
CRH	CRH plc	S&P 500
CRL	Charles River Laboratories	S&P 500
CRM	Salesforce	S&P 500
CRWD	CrowdStrike	S&P 500
CSCO	Cisco	S&P 500
CSGP	CoStar Group	S&P 500
CSX	CSX Corporation	S&P 500
CTAS	Cintas	S&P 500
CTSH	Cognizant	S&P 500
CTVA	Corteva	S&P 500
CVNA	Carvana	S&P 500
CVS	CVS Health	S&P 500
CVX	Chevron Corporation	S&P 500
D	Dominion Energy	S&P 500
DAL	Delta Air Lines	S&P 500
DASH	DoorDash	S&P 500
DD	DuPont	S&P 500
DDOG	Datadog	S&P 500
DE	Deere & Company	S&P 500
DECK	Deckers Brands	S&P 500
DELL	Dell Technologies	S&P 500
DG	Dollar General	S&P 500
DGX	Quest Diagnostics	S&P 500
DHI	D. R. Horton	S&P 500
DHR	Danaher Corporation	S&P 500
DIS	Walt Disney Company (The)	S&P 500
DLR	Digital Realty	S&P 500
DLTR	Dollar Tree	S&P 500
DOC	Healthpeak Properties	S&P 500
DOV	Dover Corporation	S&P 500
DOW	Dow Inc.	S&P 500
DPZ	Domino's	S&P 500
DRI	Darden Restaurants	S&P 500
DTE	DTE Energy	S&P 500
DUK	Duke Energy	S&P 500
DVA	DaVita	S&P 500
DVN	Devon Energy	S&P 500
DXCM	Dexcom	S&P 500
EBAY	eBay Inc.	S&P 500
ECHO	EchoStar	S&P 500
ECL	Ecolab	S&P 500
ED	Consolidated Edison	S&P 500
EFX	Equifax	S&P 500
EG	Everest Group	S&P 500
EIX	Edison International	S&P 500
EL	Estée Lauder Companies (The)	S&P 500
ELV	Elevance Health	S&P 500
EME	Emcor	S&P 500
EMR	Emerson Electric	S&P 500
EOG	EOG Resources	S&P 500
EQIX	Equinix	S&P 500
EQT	EQT Corporation	S&P 500
ERIE	Erie Indemnity	S&P 500
ES	Eversource Energy	S&P 500
ESS	Essex Property Trust	S&P 500
ETN	Eaton Corporation	S&P 500
ETR	Entergy	S&P 500
EVRG	Evergy	S&P 500
EW	Edwards Lifesciences	S&P 500
EXC	Exelon	S&P 500
EXE	Expand Energy	S&P 500
EXPD	Expeditors International	S&P 500
EXPE	Expedia Group	S&P 500
EXR	Extra Space Storage	S&P 500
F	Ford Motor Company	S&P 500
FANG	Diamondback Energy	S&P 500
FAST	Fastenal	S&P 500
FCX	Freeport-McMoRan	S&P 500
FDS	FactSet	S&P 500
FDX	FedEx	S&P 500
FDXF	FedEx Freight	S&P 500
FE	FirstEnergy	S&P 500
FERG	Ferguson Enterprises	S&P 500
FFIV	F5, Inc.	S&P 500
FICO	Fair Isaac	S&P 500
FIS	Fidelity National Information Services	S&P 500
FISV	Fiserv	S&P 500
FITB	Fifth Third Bancorp	S&P 500
FIX	Comfort Systems USA	S&P 500
FLEX	Flex Ltd.	S&P 500
FOX	Fox Corporation (Class B)	S&P 500
FOXA	Fox Corporation (Class A)	S&P 500
FRT	Federal Realty Investment Trust	S&P 500
FSLR	First Solar	S&P 500
FTNT	Fortinet	S&P 500
FTV	Fortive	S&P 500
GD	General Dynamics	S&P 500
GDDY	GoDaddy	S&P 500
GE	GE Aerospace	S&P 500
GEHC	GE HealthCare	S&P 500
GEN	Gen Digital	S&P 500
GEV	GE Vernova	S&P 500
GILD	Gilead Sciences	S&P 500
GIS	General Mills	S&P 500
GL	Globe Life	S&P 500
GLW	Corning Inc.	S&P 500
GM	General Motors	S&P 500
GNRC	Generac	S&P 500
GOOG	Alphabet Inc. (Class C)	S&P 500
GOOGL	Alphabet Inc. (Class A)	S&P 500
GPC	Genuine Parts Company	S&P 500
GPN	Global Payments	S&P 500
GRMN	Garmin	S&P 500
GS	Goldman Sachs	S&P 500
GWW	W. W. Grainger	S&P 500
HAL	Halliburton	S&P 500
HAS	Hasbro	S&P 500
HBAN	Huntington Bancshares	S&P 500
HCA	HCA Healthcare	S&P 500
HD	Home Depot (The)	S&P 500
HIG	Hartford (The)	S&P 500
HII	Huntington Ingalls Industries	S&P 500
HLT	Hilton Worldwide	S&P 500
HON	Honeywell Technologies	S&P 500
HONA	Honeywell Aerospace	S&P 500
HOOD	Robinhood Markets	S&P 500
HPE	Hewlett Packard Enterprise	S&P 500
HPQ	HP Inc.	S&P 500
HRL	Hormel Foods	S&P 500
HSIC	Henry Schein	S&P 500
HST	Host Hotels & Resorts	S&P 500
HSY	Hershey Company (The)	S&P 500
HUBB	Hubbell Incorporated	S&P 500
HUM	Humana	S&P 500
HWM	Howmet Aerospace	S&P 500
IBKR	Interactive Brokers	S&P 500
IBM	IBM	S&P 500
ICE	Intercontinental Exchange	S&P 500
IDXX	Idexx Laboratories	S&P 500
IEX	IDEX Corporation	S&P 500
IFF	International Flavors & Fragrances	S&P 500
ILMN	Illumina, Inc.	S&P 500
INCY	Incyte	S&P 500
INTC	Intel	S&P 500
INTU	Intuit	S&P 500
INVH	Invitation Homes	S&P 500
IP	International Paper	S&P 500
IQV	IQVIA	S&P 500
IR	Ingersoll Rand	S&P 500
IRM	Iron Mountain	S&P 500
ISRG	Intuitive Surgical	S&P 500
IT	Gartner	S&P 500
ITW	Illinois Tool Works	S&P 500
IVZ	Invesco	S&P 500
J	Jacobs Solutions	S&P 500
JBHT	J.B. Hunt	S&P 500
JBL	Jabil	S&P 500
JCI	Johnson Controls	S&P 500
JKHY	Jack Henry & Associates	S&P 500
JNJ	Johnson & Johnson	S&P 500
JPM	JPMorgan Chase	S&P 500
KDP	Keurig Dr Pepper	S&P 500
KEY	KeyCorp	S&P 500
KEYS	Keysight Technologies	S&P 500
KHC	Kraft Heinz	S&P 500
KIM	Kimco Realty	S&P 500
KKR	KKR & Co.	S&P 500
KLAC	KLA Corporation	S&P 500
KMB	Kimberly-Clark	S&P 500
KMI	Kinder Morgan	S&P 500
KO	Coca-Cola Company (The)	S&P 500
KR	Kroger	S&P 500
KVUE	Kenvue	S&P 500
L	Loews Corporation	S&P 500
LDOS	Leidos	S&P 500
LEN	Lennar	S&P 500
LH	Labcorp	S&P 500
LHX	L3Harris	S&P 500
LII	Lennox International	S&P 500
LIN	Linde plc	S&P 500
LITE	Lumentum	S&P 500
LLY	Lilly (Eli)	S&P 500
LMT	Lockheed Martin	S&P 500
LNT	Alliant Energy	S&P 500
LOW	Lowe's	S&P 500
LRCX	Lam Research	S&P 500
LULU	Lululemon Athletica	S&P 500
LUV	Southwest Airlines	S&P 500
LVS	Las Vegas Sands	S&P 500
LYB	LyondellBasell	S&P 500
LYV	Live Nation Entertainment	S&P 500
MA	Mastercard	S&P 500
MAA	Mid-America Apartment Communities	S&P 500
MAR	Marriott International	S&P 500
MAS	Masco	S&P 500
MCD	McDonald's	S&P 500
MCHP	Microchip Technology	S&P 500
MCK	McKesson Corporation	S&P 500
MCO	Moody's Corporation	S&P 500
MDLZ	Mondelez International	S&P 500
MDT	Medtronic	S&P 500
MET	MetLife	S&P 500
META	Meta Platforms	S&P 500
MGM	MGM Resorts	S&P 500
MKC	McCormick & Company	S&P 500
MLM	Martin Marietta Materials	S&P 500
MMM	3M	S&P 500
MNST	Monster Beverage	S&P 500
MO	Altria	S&P 500
MOS	Mosaic Company (The)	S&P 500
MPC	Marathon Petroleum	S&P 500
MPWR	Monolithic Power Systems	S&P 500
MRK	Merck & Co.	S&P 500
MRNA	Moderna	S&P 500
MRSH	Marsh McLennan	S&P 500
MRVL	Marvell Technology	S&P 500
MS	Morgan Stanley	S&P 500
MSCI	MSCI	S&P 500
MSFT	Microsoft	S&P 500
MSI	Motorola Solutions	S&P 500
MTB	M&T Bank	S&P 500
MTD	Mettler Toledo	S&P 500
MU	Micron Technology	S&P 500
NCLH	Norwegian Cruise Line Holdings	S&P 500
NDAQ	Nasdaq, Inc.	S&P 500
NDSN	Nordson Corporation	S&P 500
NEE	NextEra Energy	S&P 500
NEM	Newmont	S&P 500
NFLX	Netflix	S&P 500
NI	NiSource	S&P 500
NKE	Nike, Inc.	S&P 500
NOC	Northrop Grumman	S&P 500
NOW	ServiceNow	S&P 500
NRG	NRG Energy	S&P 500
NSC	Norfolk Southern	S&P 500
NTAP	NetApp	S&P 500
NTRS	Northern Trust	S&P 500
NUE	Nucor	S&P 500
NVDA	Nvidia	S&P 500
NVR	NVR, Inc.	S&P 500
NWS	News Corp (Class B)	S&P 500
NWSA	News Corp (Class A)	S&P 500
NXPI	NXP Semiconductors	S&P 500
O	Realty Income	S&P 500
ODFL	Old Dominion	S&P 500
OKE	Oneok	S&P 500
OMC	Omnicom Group	S&P 500
ON	ON Semiconductor	S&P 500
ORCL	Oracle Corporation	S&P 500
ORLY	O'Reilly Automotive	S&P 500
OTIS	Otis Worldwide	S&P 500
OXY	Occidental Petroleum	S&P 500
P	Everpure	S&P 500
PANW	Palo Alto Networks	S&P 500
PAYX	Paychex	S&P 500
PCAR	Paccar	S&P 500
PCG	PG&E Corporation	S&P 500
PEG	Public Service Enterprise Group	S&P 500
PEP	PepsiCo	S&P 500
PFE	Pfizer	S&P 500
PFG	Principal Financial Group	S&P 500
PG	Procter & Gamble	S&P 500
PGR	Progressive Corporation	S&P 500
PH	Parker Hannifin	S&P 500
PHM	PulteGroup	S&P 500
PKG	Packaging Corporation of America	S&P 500
PLD	Prologis	S&P 500
PLTR	Palantir Technologies	S&P 500
PM	Philip Morris International	S&P 500
PNC	PNC Financial Services	S&P 500
PNR	Pentair	S&P 500
PNW	Pinnacle West Capital	S&P 500
PODD	Insulet Corporation	S&P 500
PPG	PPG Industries	S&P 500
PPL	PPL Corporation	S&P 500
PRU	Prudential Financial	S&P 500
PSA	Public Storage	S&P 500
PSKY	Paramount Skydance Corporation	S&P 500
PSX	Phillips 66	S&P 500
PTC	PTC Inc.	S&P 500
PWR	Quanta Services	S&P 500
PYPL	PayPal	S&P 500
Q	Qnity Electronics	S&P 500
QCOM	Qualcomm	S&P 500
RCL	Royal Caribbean Group	S&P 500
RDDT	Reddit	S&P 500
REG	Regency Centers	S&P 500
REGN	Regeneron Pharmaceuticals	S&P 500
RF	Regions Financial Corporation	S&P 500
RJF	Raymond James Financial	S&P 500
RL	Ralph Lauren Corporation	S&P 500
RMD	ResMed|	S&P 500
ROK	Rockwell Automation	S&P 500
ROL	Rollins, Inc.	S&P 500
ROP	Roper Technologies	S&P 500
ROST	Ross Stores	S&P 500
RSG	Republic Services	S&P 500
RTX	RTX Corporation	S&P 500
RVTY	Revvity	S&P 500
SBAC	SBA Communications	S&P 500
SBUX	Starbucks	S&P 500
SCHW	Charles Schwab Corporation	S&P 500
SHW	Sherwin-Williams	S&P 500
SJM	J.M. Smucker Company (The)	S&P 500
SLB	Schlumberger	S&P 500
SMCI	Supermicro	S&P 500
SNA	Snap-on	S&P 500
SNDK	Sandisk	S&P 500
SNPS	Synopsys	S&P 500
SO	Southern Company	S&P 500
SOLV	Solventum	S&P 500
SPG	Simon Property Group	S&P 500
SPGI	S&P Global	S&P 500
SRE	Sempra	S&P 500
STE	Steris	S&P 500
STLD	Steel Dynamics	S&P 500
STT	State Street Corporation	S&P 500
STX	Seagate Technology	S&P 500
STZ	Constellation Brands	S&P 500
SW	Smurfit Westrock	S&P 500
SWK	Stanley Black & Decker	S&P 500
SWKS	Skyworks Solutions	S&P 500
SYF	Synchrony Financial	S&P 500
SYK	Stryker Corporation	S&P 500
SYY	Sysco	S&P 500
T	AT&T	S&P 500
TDG	TransDigm Group	S&P 500
TDY	Teledyne Technologies	S&P 500
TECH	Bio-Techne	S&P 500
TEL	TE Connectivity	S&P 500
TER	Teradyne	S&P 500
TFC	Truist Financial	S&P 500
TGT	Target Corporation	S&P 500
TJX	TJX Companies	S&P 500
TKO	TKO Group Holdings	S&P 500
TMO	Thermo Fisher Scientific	S&P 500
TMUS	T-Mobile US	S&P 500
TPL	Texas Pacific Land Corporation	S&P 500
TPR	Tapestry, Inc.	S&P 500
TRGP	Targa Resources	S&P 500
TRMB	Trimble Inc.	S&P 500
TROW	T. Rowe Price	S&P 500
TRV	Travelers Companies (The)	S&P 500
TSCO	Tractor Supply	S&P 500
TSLA	Tesla, Inc.	S&P 500
TSN	Tyson Foods	S&P 500
TT	Trane Technologies	S&P 500
TTWO	Take-Two Interactive	S&P 500
TXN	Texas Instruments	S&P 500
TXT	Textron	S&P 500
TYL	Tyler Technologies	S&P 500
UAL	United Airlines Holdings	S&P 500
UBER	Uber	S&P 500
UDR	UDR, Inc.	S&P 500
UHS	Universal Health Services	S&P 500
ULTA	Ulta Beauty	S&P 500
UNH	UnitedHealth Group	S&P 500
UNP	Union Pacific Corporation	S&P 500
UPS	United Parcel Service	S&P 500
URI	United Rentals	S&P 500
USB	U.S. Bancorp	S&P 500
V	Visa Inc.	S&P 500
VEEV	Veeva Systems	S&P 500
VICI	Vici Properties	S&P 500
VLO	Valero Energy	S&P 500
VLTO	Veralto	S&P 500
VMC	Vulcan Materials Company	S&P 500
VMRK	Vivmark Residential	S&P 500
VRSK	Verisk Analytics	S&P 500
VRSN	Verisign	S&P 500
VRT	Vertiv	S&P 500
VRTX	Vertex Pharmaceuticals	S&P 500
VST	Vistra Corp.	S&P 500
VTR	Ventas	S&P 500
VTRS	Viatris	S&P 500
VZ	Verizon	S&P 500
WAB	Wabtec	S&P 500
WAT	Waters Corporation	S&P 500
WBD	Warner Bros. Discovery	S&P 500
WDAY	Workday, Inc.	S&P 500
WDC	Western Digital	S&P 500
WEC	WEC Energy Group	S&P 500
WELL	Welltower	S&P 500
WFC	Wells Fargo	S&P 500
WM	Waste Management	S&P 500
WMB	Williams Companies	S&P 500
WMT	Walmart	S&P 500
WRB	W. R. Berkley Corporation	S&P 500
WSM	Williams-Sonoma, Inc.	S&P 500
WST	West Pharmaceutical Services	S&P 500
WTW	Willis Towers Watson	S&P 500
WY	Weyerhaeuser	S&P 500
WYNN	Wynn Resorts	S&P 500
XEL	Xcel Energy	S&P 500
XOM	ExxonMobil	S&P 500
XYL	Xylem Inc.	S&P 500
XYZ	Block, Inc.	S&P 500
YUM	Yum! Brands	S&P 500
ZBH	Zimmer Biomet	S&P 500
ZBRA	Zebra Technologies	S&P 500
ZTS	Zoetis	S&P 500
